,person_id,person_name,person_name_in_ref,person_gender
0,1,Adéle Malta Pontes,"Pontes, A. M.",F
1,2,Adriana Euflasino,"Euflasino, A.",F
2,3,Adriana Holtz Betiol,"Betiol, A. H.",F
3,4,Adriana Lopes,"Lopes, A.",F
4,5,Adriano Gonella,"Gonella, A.",M
5,6,Afonso Inácio Orth,"Orth, A. I.",M
6,7,Agma Juci Machado Traina,"Traina, A. J. M.",F
7,8,Albert Schilling Gomes,"Gomes, A. S.",M
8,9,Alberto Barbosa Raposo,"Raposo, A. B.",M
9,10,Alcantara Rodrigues,"Rodrigues, A.",M
10,11,Alcione P. Oliveira,"Oliveira, A. P.",F
11,12,Alessandro J de Souza,"Souza, A. J.",M
12,13,Alessandro José Francisco Carlos,"Carlos, A. J. F.",M
13,14,Alessandro L. Stamatto Ferreira,"Ferreira, A. L. S.",M
14,15,Alex Guimarães Lima,"Lima, A. G.",M
15,16,Alex Pacheco da Silva,"Silva, A. P.",M
16,17,Alex Sandro Gomes,"Gomes, A. S.",M
17,18,Alexandre A. Cardoso,"Cardoso, A. A.",M
18,19,Alexandre Araujo,"Araujo, A.",M
19,20,Alexandre dos Santos Roque,"Roque, A. S.",M
20,21,Alfredo Gomes de Araújo Neto,"Neto, A. G. A.",M
21,22,Aline Cavalcanti,"Cavalcanti, A.",F
22,23,Aline da Silva Alves,"Alves, A. S.",F
23,24,Aline Morais,"Morais, A.",F
24,25,Allan Sales,"Sales, A.",M
25,26,Almerindo Nascimento Rehem Neto,"Neto, A. N. R.",M
26,27,Alysson Bolognesi Prado,"Prado, A. B.",
27,28,Amanda Meincke Melo,"Melo, A. M.",F
28,29,Americo Talarico Neto,"Neto, A. T.",M
29,30,Ana Carolina Bertoletti,"Bertoletti, A. C.",F
30,31,Ana Cristina Bicharra Garcia,"Garcia, A. C. B.",F
31,32,Ana Esther Victor Barbosa,"Barbosa, A. E. V.",F
32,33,Ana I. Grimaldo-Martínez,"Grimaldo-Martínez, A. I.",F
33,34,Ana Lúcia Filardi,"Filardi, A. L.",F
34,35,Ana Luiza Dias,"Dias, A. L.",F
35,36,Ana Maria Nicolaci-da-Costa,"Nicolaci-da-Costa, A. M.",F
36,37,Ana Maria Pereira Cardoso,"Cardoso, A. M. P.",F
37,38,Ana Paula Lorenzoni,"Lorenzoni, A. P.",F
38,39,Ana Paula Ribeiro,"Ribeiro, A. P.",F
39,40,Ana R. Carballo,"Carballo, A. R.",F
40,41,Analía Amandi,"Amandi, A.",F
41,42,Anders Hedman,"Hedman, A.",M
42,43,Ânderson Schuh,"Schuh, Ân.",M
43,44,André Constantino da Silva,"Silva, A. C.",M
44,45,André Luis Alice Raabe,"Raabe, A. L. A.",M
45,46,André Luís B. M. Ramos,"Ramos, A. L. B. M.",M
46,47,André Luiz Battaiola,"Battaiola, A. L.",M
47,48,André Luiz Farias,"Farias, A. L.",M
48,49,André Suslik Spritzer,"Spritzer, A. S.",M
49,50,Andréa dos Santos Rodrigues,"Rodrigues, A. S.",F
50,51,Andrea P. Cavalheiro,"Cavalheiro, A. P.",F
51,52,Andréia Libório Sampaio,"Sampaio, A. L.",F
52,53,Andrés F. Solano,"Solano, A. F.",
53,54,Andrey A. Masiero,"Masiero, A. A.",M
54,55,Andrey Menezes,"Menezes, A.",M
55,56,Andy Dearden,"Dearden, A.",M
56,57,Anna Beatriz Marques,"Marques, A. B.",F
57,58,Anna de Liddo,"Liddo, A.",F
58,59,Antônio A. P. Prates,"Prates, A. A. P.",M
59,60,Antônio C. da Rocha Costa,"Costa, A. C. R.",M
60,61,Antônio Carlos Costa Campi Junior,"Junior, A. C. C. C.",M
61,62,Antonio Carlos De Souza,"Souza, A. C.",M
62,63,Antonio Carlos dos Santos,"Santos, A. C.",M
63,64,Antonio Diaz Tula,"Tula, A. D.",M
64,65,Antônio J Portella Almeida,"Almeida, A. J. P.",M
65,66,Antônio Marcos Endler,"Endler, A. M.",M
66,67,Aparecido Fabiano Pinatti de Carvalho,"Carvalho, A. F. P.",M
67,68,Ariane Oliveira Ferreira,"Ferreira, A. O.",F
68,69,Ariel Soares Teles,"Teles, A. S.",
69,70,Arikleyton de O. Ferreira,"Ferreira, A. O.",M
70,71,Aron Daniel Lopes,"Lopes, A. D.",M
71,72,Artur Henrique Kronbauer,"Kronbauer, A. H.",M
72,73,Artur Martins Mol,"Mol, A. M.",M
73,74,Aura Conci,"Conci, A.",F
74,75,Aurélio Fernando Ferreira,"Ferreira, A. F.",M
75,76,Beatriz Mascia Daltrini,"Daltrini, B. M.",F
76,77,Beatriz Sonzzini Ribeiro de Souza,"Souza, B. S. R.",F
77,78,Bernardo Reis,"Reis, B.",M
78,79,Brenner Stefan Gomes Silva,"Silva, B. S. G.",M
79,80,Brunno Brito de Araujo,"Araujo, B. B.",M
80,81,Bruno Brochado Ribeiro,"Ribeiro, B. B.",M
81,82,Bruno Dias Abrahão,"Abrahão, B. D.",M
82,83,Bruno Feijó,"Feijó, B.",M
83,84,Bruno Monteiro,"Monteiro, B.",M
84,85,Bruno Santana da Silva,"Silva, B. S.",M
85,86,Caio D’Agostini,"D’Agostini, C.",M
86,87,Carina F. Dorneles,"Dorneles, C. F.",F
87,88,Carina Frota,"Frota, C.",F
88,89,Carla Faria Leitão,"Leitão, C. F.",F
89,90,Carla M. Dal Sasso Freitas,"Freitas, C. M. D. S.",F
90,91,Carlos Cristiano Carneiro,"Carneiro, C. C.",M
91,92,Carlos de Salles Soares Neto,"Neto, C. S. S.",M
92,93,Carlos Eduardo Leão Elmadjian,"Elmadjian, C. E. L.",M
93,94,Carlos G. Antunes Moreira,"Moreira, C. G. A.",M
94,96,Carlos Hitoshi Morimoto,"Morimoto, C. H.",M
95,97,Carlos Neves Júnior,"Júnior, C. N.",M
96,98,Carlos Proal,"Proal, C.",M
97,99,Carlos Rosemberg M. Carvalho,"Carvalho, C. R. M.",M
98,100,Carlúcio Santos Cordeiro,"Cordeiro, C. S.",M
99,101,Carolina Sacramento,"Sacramento, C.",F
100,102,Cássio Melo,"Melo, C.",M
101,103,Catapan Araci Hack,"Hack, C. A.",
102,104,Catia Maria Dias Ferreira,"Ferreira, C. M. D.",F
103,105,Cecília K.V. da Cunha,"Cunha, C. K.",F
104,106,Celmar Guimarães da Silva,"Silva, C. G.",
105,107,Celso A. S. Santos,"Santos, C. A. S.",M
106,108,Cesar A. C. Teixeira,"Teixeira, C. A. C.",M
107,109,César A. Collazos,"Collazos, C. A.",M
108,110,César Colera,"Colera, C.",M
109,111,Chris Roast,"Roast, C.",M
110,112,Christelle Farenc,"Farenc, C.",F
111,113,Christian Baudet,"Baudet, C.",M
112,114,Christiane Gresse Von Wangenheim,"Wangenheim, C. G. V.",F
113,115,Cirano Iochpe,"Iochpe, C.",M
114,116,Clarissa Maria de Almeida Barbosa,"Barbosa, C. M. A.",F
115,117,Clarisse Sieckenius de Souza,"Souza, C. S.",F
116,118,Claudia Bauzer Medeiros,"Medeiros, C. B.",F
117,119,Claudia Capelli,"Capelli, C.",F
118,120,Claudia de Castro O. Monteiro,"Monteiro, C. C. O.",F
119,121,Cláudia Dias,"Dias, C.",F
120,122,Claudia P. P. Sena,"Sena, C. P. P.",F
121,123,Cláudia Zattera,"Zattera, C.",F
122,124,Claudio Cavalcante,"Cavalcante, C.",M
123,125,Claudio Kirner,"Kirner, C.",M
124,126,Claudio Pinhanez,"Pinhanez, C.",M
125,127,Cleidson R. B. de Souza,"Souza, C. R. B.",M
126,128,Cleyton Slaviero,"Slaviero, C.",M
127,129,Clodis Boscarioli,"Boscarioli, C.",M
128,130,Clorisval Pereira Jr.,"Pereira Jr., C.",M
129,131,Cornélio Filho Plínio,"Plínio, C. F.",M
130,132,Cristian A. Rusu,"Rusu, C. A.",M
131,133,Cristiane Neri Nobre,"Nobre, C. N.",F
132,134,Cristiano Fruet,"Fruet, C.",M
133,135,Cristiano L. Soares,"Soares, C. L.",M
134,136,Cristiano Maciel,"Maciel, C.",M
135,137,Cristina Gislene Leiria,"Leiria, C. G.",F
136,138,Cristina Paludo Santos,"Santos, C. P.",F
137,139,Dámaris Pérez,"Pérez, D.",
138,140,Damián Keller,"Keller, D.",M
139,141,Daniel Almeida Chagas,"Chagas, D. A.",M
140,142,Daniel Arcoverde,"Arcoverde, D.",M
141,143,Daniel Lins da Silva,"Silva, D. L.",M
142,144,Daniel M. Viero,"Viero, D. M.",M
143,145,Daniel Schneider,"Schneider, D.",M
144,146,Daniel Strazzulla,"Strazzulla, D.",M
145,147,Daniela Falcone,"Falcone, D.",F
146,148,Daniela Romão-Dias,"Romão-Dias, D.",F
147,149,Daniele Pinto Andres,"Andres, D. P.",F
148,150,Danielly Barboza Guimarães,"Guimarães, D. B.",F
149,151,Danilo de Sousa Ferreira,"Ferreira, D. S.",M
150,152,Danilo Marcondes Filho,"Filho, D. M.",M
151,153,David Falcão Barbosa,"Barbosa, D. F.",M
152,154,David Leonardo M. Bentolila,"Bentolila, D. L. M.",M
153,155,Débora Maurmo Modesto,"Modesto, D. M.",F
154,156,Débora Pereira Coura,"Coura, D. P.",F
155,157,Denis S. da Silveira,"Silveira, D. S.",M
156,158,Diego Bevilaqua,"Bevilaqua, D.",M
157,159,Diego Henrique Dantas de Oliveira,"Oliveira, D. H. D.",M
158,160,Díferson Machado,"Machado, D.",M
159,161,Dominique L. Scapin,"Scapin, D. L.",M
160,162,Douglas Francisquini Toledo,"Toledo, D. F.",M
161,163,Edgar Vilela Gadbem,"Gadbem, E. V.",M
162,164,Ednaldo Brigante Pizzolato,"Pizzolato, E. B.",M
163,165,Edson Oliveira Júnior,"Júnior, E. O.",M
164,166,Eduardo A. A. Radanovitsck,"Radanovitsck, E. A. A.",M
165,167,Eduardo A. Oliveira,"Oliveira, E. A.",M
166,168,Eduardo de Oliveira,"Oliveira, E.",M
167,169,Eduardo H. Calvillo-Gámez,"Calvillo-Gámez, E. H.",M
168,170,Eduardo H. Tanaka,"Tanaka, E. H.",M
169,171,Eduardo R. Miranda,"Miranda, E. R.",M
170,172,Eduardo Tiomno Tolmasquim,"Tolmasquim, E. T.",M
171,173,Edward Hermann Haeusler,"Haeusler, E. H.",M
172,174,Elaine C. S. Hayashi,"Hayashi, E. C. S.",F
173,175,Elaine Tavares,"Tavares, E.",F
174,176,Eliane Capra,"Capra, E.",F
175,177,Eliane Pinheiro Capra,"Capra, E. P.",F
176,178,Eliane Regina de Almeida Valiati,"Valiati, E. R. A.",F
177,179,Elidéa Bernardino,"Bernardino, E.",F
178,180,Elieser Ademir de Jesus,"Jesus, E. A.",M
179,181,Elisa Tuler,"Tuler, E.",F
180,182,Eliseo Reategui,"Reategui, E.",M
181,183,Elisiara Podgorski,"Podgorski, E.",F
182,184,Elizabeth Sucupira Furtado,"Furtado, E.S.",F
183,185,Elizabeth Sucupira Furtado,"Furtado, E. S.",F
184,186,Elizabeth Uruchurtu,"Uruchurtu, E.",F
185,187,Elton José da Silva,"Silva, E. J.",M
186,188,Elton S. Oliveira,"Oliveira, E. S.",M
187,189,Emanuelly F. M. Barros,"Barros, E. F. M.",F
188,190,Emmanuel González Khodjaoghlanian,"Khodjaoghlanian, E. G.",M
189,191,Erica Esteves Cunha de Miranda,"Miranda, E. E. C.",F
190,193,Erica Rodrigues de Oliveira,"Oliveira, E. R.",F
191,194,Erick L. Melo,"Melo, E. L.",M
192,195,Estêvão Bissoli Saleme,"Saleme, E. B.",M
193,196,Eunice P. S. Nunes,"Nunes, E. P. S.",F
194,197,Evandro Franzen,"Franzen, E.",M
195,198,Evandro M. Miletto,"Miletto, E. M.",M
196,199,Ewerton Martins de Menezes,"Menezes, E. M.",M
197,200,Fabiana da Silva,"Silva, F.",F
198,201,Fabiano Marcon de Moraes,"Moraes, F. M.",M
199,202,Fábio de Nogueira de Lucena,"Lucena, F. N.",M
200,203,Fábio Nemetz,"Nemetz, F.",M
201,204,Fabio Petrillo,"Petrillo, F.",M
202,205,Fabrício Benevenuto,"Benevenuto, F.",M
203,206,Fabrício Matheus Gonçalves,"Gonçalves, F. M.",M
204,207,Fátima Nunes,"Nunes, F.",F
205,208,Felipe Breyer,"Breyer, F.",M
206,209,Fernanda M. P. Freire,"Freire, F. M. P.",F
207,210,Fernando Almir,"Almir, F.",M
208,211,Fernando Caixeta Sanches,"Sanches, F. C.",M
209,212,Fernando Cesar Balbino,"Balbino, F. C.",M
210,213,Fernando Cesar Capovilla,"Capovilla, F. C.",M
211,214,Fernando Lazzetta,"Lazzetta, F.",M
212,215,Fernando M. Figueira Filho,"Filho, F. M. F.",M
213,216,Flávia Peres,"Peres, F.",F
214,217,Flavia Rossler,"Rossler, F.",F
215,218,Flávio R. S. Coutinho,"Coutinho, F. R. S.",M
216,219,Flávio Sanson Fogliatto,"Fogliatto, F. S.",M
217,220,Flávio Vieira,"Vieira, F.",M
218,221,Francine Bülow Bergmann,"Bergmann, F. B.",F
219,222,Francisco José da S. e Silva,"Silva, F. J. S. e.",M
220,223,Franco Eusébio Garcia,"Garcia, F. E.",M
221,224,Gabriel Alves Vasiljevic Mendes,"Mendes, G. A. V.",M
222,225,Gabriel E. Chanchí,"Chanchí, G. E.",M
223,226,Gabriela Carneiro,"Carneiro, G.",F
224,227,Geanderson E. dos Santos,"Santos, G. E.",M
225,228,Geber Lisboa Ramalho,"Ramalho, G. L.",M
226,229,Geraldo Gomes da Cruz Júnior,"Júnior, G. G. C.",M
227,230,Gil Barros,"Barros, G.",M
228,231,Gilda Dahis,"Dahis, G.",F
229,232,Gisleide A. M. Werneck,"Werneck, G. A. M.",F
230,233,Glívia A. R. Barbosa,"Barbosa, G. A. R.",F
231,234,Greis F. Mireya Silva,"Silva, G. F. M.",F
232,235,Guido Lemos de Souza Filho,"Filho, G. L. S.",M
233,236,Guilherme C. Pereira,"Pereira, G. C.",M
234,237,Gustavo de M. Gonçalves,"Gonçalves, G. M.",M
235,238,Gustavo Pizzini Becker,"Becker, G. P.",M
236,239,Hans K. E. Liesenberg,"Liesenberg, H. K. E.",M
237,240,Harith Alani,"Alani, H.",
238,241,Heiko Hornung,"Hornung, H.",M
239,242,Helena Tobiasson,"Tobiasson, H.",F
240,243,Helmuth Trefftz,"Trefftz, H.",
241,244,Heloísa Vieira da Rocha,"Rocha, H. V.",F
242,245,Hildeberto Mendonça,"Mendonça, H.",F
243,246,Horacio Pastor Soares,"Soares, H. P.",M
244,247,Ida Gus,"Gus, I.",F
245,248,Igor Gonzalez Pimenta,"Pimenta, I. G.",M
246,249,Igor Piffer,"Piffer, I.",M
247,250,Igor Prata Soare,"Soare, I. P.",M
248,251,Ingrid Teixeira Monteiro,"Monteiro, I. T.",F
249,252,Isa Haro Martins,"Martins, I. H.",F
250,253,Isabel Cristina Siqueira da Silva,"Silva, I. C. S.",F
251,254,Isabela Gasparini,"Gasparini, I.",F
252,255,Isabella Rocha Albuquerque,"Albuquerque, I. R.",F
253,256,Isaias Horta Brazil,"Brazil, I. H.",M
254,257,Isaque Elcio Souza,"Souza, I. E.",M
255,258,Ismar Frango Silveira,"Silveira, I. F.",M
256,259,J. Alfredo Sánchez,"Sánchez, J. A.",M
257,260,Jaime Cazuhiro Ossada,"Ossada, J. C.",M
258,261,Jaime Sánchez,"Sánchez, J.",M
259,262,Jair Cavalcanti Leite,"Leite, J. C.",M
260,263,Janaina Cintra Abib,"Abib, J. C.",F
261,264,Janne Yukiko Yoshikawa Oeiras,"Oeiras, J. Y. Y.",F
262,265,Jano Moreira de Souza,"Souza, J. M.",M
263,266,Jean Felipe Patikowski Cheiran,"Cheiran, J. F. P.",M
264,267,Jean Vanderdonckt,"Vanderdonckt, J.",M
265,268,Jérôme Rutily Ensimag,"Ensimag, J. R.",M
266,269,Jessica Colnago,"Colnago, J.",F
267,270,Jiani Cordeiro Cardoso,"Cardoso, J. C.",F
268,271,Jislane Silva,"Silva, J.",F
269,272,Jó Ueyama,"Ueyama, J.",M
270,273,João Batista Mossmann,"Mossmann, J. B.",M
271,274,João Batista Oliveira,"Oliveira, J. B.",M
272,275,João Graça Neto,"Neto, J. G.",M
273,276,João Porto de Albuquerque,"Albuquerque, J. P.",M
274,277,John Maykol de Moraes,"Moraes, J. M.",M
275,278,Joice Lee Otsuka,"Otsuka, J. L.",F
276,279,Jônatas Leite de Oliveira,"Oliveira, J. L.",M
277,280,José Antônio Borges,"Borges, J. A.",M
278,281,José Antonio Gonçalves Motta,"Motta, J. A. G.",M
279,282,José Antonio Tula Leyva,"Leyva, J. A. T.",M
280,283,José Bezerra da Silva Filho,"Filho, J. B. S.",M
281,284,José Cláudio Vahl Júnior,"Júnior, J. C. V.",M
282,285,José Eustáquio Rangel de Queiroz,"Queiroz, J. E. R.",M
283,286,José Geraldo Veloso Moreira,"Moreira, J. G. V.",M
284,287,José L. Arciniegas,"Arciniegas, J. L.",M
285,288,José Palazzo M. de Oliveira,"Oliveira, J. P. M.",M
286,289,José Valdeni de Lima,"Lima, J. V.",M
287,290,Jouderian Nobre Jr,"Jr, J. N.",
288,291,Judith Kelner,"Kelner, J.",F
289,292,Julián Esteban Gutiérrez Posada,"Posada, J. E. G.",M
290,293,Juliana Aramizu Paludo,"Paludo, J. A.",F
291,294,Juliana Cristina Braga,"Braga, J. C.",F
292,295,Juliana Jansen Ferreira,"Ferreira, J. J.",F
293,296,Juliana Salles,"Salles, J.",F
294,297,Juliane Vargas Nunes,"Nunes, J. V.",F
295,298,Juliano de Vargas Bittencourt,"Bittencourt, J. V.",M
296,299,Juliano Schimiguel,"Schimiguel, J.",M
297,300,Julio C. Penagos,"Penagos, J. C.",M
298,301,Júlio C. Reis,"Reis, J. C.",M
299,302,Julio Cesar dos Reis,"Reis, J. C.",M
300,303,Júlio César Rosa da Silva,"Silva, J. C. R.",M
301,304,Junia Anacleto,"Anacleto, J.",F
302,305,Júnia Gonçalves,"Gonçalves, J.",F
303,306,Kamila R. H. Rodrigues,"Rodrigues, K. R. H.",F
304,307,Kamran Sedig,"Sedig, K.",
305,308,Karen Basso,"Basso, K.",F
306,309,Karina Villela,"Villela, K.",F
307,310,Káthia Marçal de Oliveira,"Oliveira, K. M.",F
308,311,Kátia Felizardo,"Felizardo, K.",F
309,312,Kecheng Liu,"Liu, K.",M
310,313,Kênia Sousa,"Sousa, K.",F
311,314,Kizzy Benjamin,"Benjamin, K.",
312,315,Laércio Augusto Baldochi Júnior,"Júnior, L. A. B.",M
313,316,Laia Gasparin Pedraza,"Pedraza, L. G.",F
314,317,Lara Schibelsky Godoy Piccolo,"Piccolo, L. S. G.",F
315,318,Laura Sánchez García,"García, L. S.",F
316,319,Lauro Nakayama,"Nakayama, L.",M
317,320,Leandro Guarino de Vasconcelos,"Vasconcelos, L. G.",M
318,321,Leandro Luís Dias,"Dias, L. L.",M
319,322,Leandro Santiago da Silva,"Silva, L. S.",M
320,323,Léo Pini Magalhães,"Magalhães, L. P.",M
321,324,Leonardo Cunha de Miranda,"Miranda, L. C.",M
322,325,Leonardo Nardi,"Nardi, L.",M
323,326,Leonardo Rocha,"Rocha, L.",M
324,327,Leonardo Rodrigo Domingues,"Domingues, L. R.",M
325,328,Leonardo Serra Faria,"Faria, L. S.",M
326,329,Leonelo Dell Anhol Almeida,"Almeida, L. D. A.",M
327,330,Letícia Capelão,"Capelão, L.",F
328,331,Leticia Lopes Leite,"Leite, L. L.",F
329,332,Lia Buarque Macedo de Guimarães,"Guimarães, L. B. M.",F
330,333,Licínio G. Roque,"Roque, L. G.",M
331,334,Lidia S. Ferreira,"Ferreira, L. S.",F
332,335,Lirisnei G. Sousa,"Sousa, L. G.",
333,336,Livia Noronha Sarmento,"Sarmento, L. N.",F
334,337,Luana Müller,"Müller, L.",F
335,338,Lucas F. Bocanegra,"Bocanegra, L. F.",M
336,339,Lucas F. da Cunha,"Cunha, L. F.",M
337,340,Lucas Miranda,"Miranda, L.",M
338,341,Lucia Vilela Leite Filgueiras,"Filgueiras, L. V. L.",F
339,342,Luciana Alvim Santos Romani,"Romani, L. A. S.",F
340,343,Luciana Aparecida Martinez Zaina,"Zaina, L. A. M.",F
341,344,Luciana Cardoso de Castro Salgado,"Salgado, L. C. C.",F
342,345,Luciana Correia Lima de Faria Borges,"Borges, L. C. L. F.",F
343,346,Luciana da Silveira Espindola,"Espindola, L. S.",F
344,347,Luciana P. Nedel,"Nedel, L. P.",F
345,348,Luciano Gamez,"Gamez, L.",M
346,349,Luciano Meira,"Meira, L.",M
347,350,Luciano Vargas Flores,"Flores, L. V.",M
348,351,Lucila Ishitani,"Ishitani, L.",F
349,352,Lucinéia Heloisa Thom,"Thom, L. H.",F
350,353,Lúcio Mauro Duarte,"Duarte, L. M.",M
351,354,Luis Valente,"Valente, L.",M
352,355,Luis Vasconcelos,"Vasconcelos, L.",M
353,356,Luiz Agner,"Agner, L.",M
354,357,Luiz Alves,"Alves, L.",M
355,358,Luiz C. S. Luz,"Luz, L. C. S.",M
356,359,Luiz Carlos Begosso,"Begosso, L. C.",M
357,360,Luiz Chaimowicz,"Chaimowicz, L.",M
358,361,Luiz Fernando Gomes Soares,"Soares, L. F. G.",M
359,362,Luiz Gustavo de Souza,"Souza, L. G.",M
360,363,Luiz P. D. Corrêa,"Corrêa, L. P. D.",M
361,364,Lyrene Fernandes da Silva,"Silva, L. F.",F
362,365,M. Cecília Martins,"Martins, M. C.",F
363,366,Macilon Araújo Costa Neto,"Neto, M. A. C.",M
364,367,Maíra Greco de Paula,"Paula, M. G.",F
365,368,Manoel Gomes de Mendonça Neto,"Neto, M. G. M.",M
366,369,Manoel Mendonça,"Mendonça, M.",M
367,370,Manoel Pereira Junior,"Junior, M. P.",M
368,371,Marcela Xavier Ribeiro,"Ribeiro, M. X.",F
369,372,Marcelle Pereira Mota,"Mota, M. P.",F
370,373,Marcelo Barbosa,"Barbosa, M.",M
371,374,Marcelo Duduchi,"Duduchi, M.",M
372,375,Marcelo Morandini,"Morandini, M.",M
373,377,Marcelo Soares Pimenta,"Pimenta, M. S.",M
374,378,Marcelo Vasques de Oliveira,"Oliveira, M. V.",M
375,379,Márcia Cristina Moraes,"Moraes, M. C.",F
376,380,Marcia de Borba Campos,"Campos, M. B.",F
377,381,Marcio Juliato,"Juliato, M.",M
378,382,Márcio Matias,"Matias, M.",M
379,383,Márcio Oliveira Almeida,"Almeida, M. O.",M
380,384,Márcio Pinho,"Pinho, M.",M
381,385,Márcio Serolli Pinho,"Pinho, M. S.",M
382,386,Marco Antônio Alba Winckler,"Winckler, M. A. A.",M
383,387,Marco Aurélio Medeiros,"Medeiros, M. A.",M
384,388,Marcos Alexandre Rose Silva,"Silva, M. A. R.",M
385,389,Marcos Alves dos Santos,"Santos, M. A.",M
386,390,Marcos Augusto F. Borges,"Borges, M. A. F.",M
387,391,Marcos H. Kimura,"Kimura, M. H.",M
388,392,Marcos Henrique Cascone,"Cascone, M. H.",M
389,393,Marcos O. Prates,"Prates, M. O.",M
390,394,Marcos Sfair Sunye,"Sunye, M. S.",M
391,395,Marcus Vinícius A. Andrade,"Andrade, M. V. A.",M
392,396,Margherita Bracci,"Bracci, M.",F
393,397,Maria Augusta S.N. Nunes,"Nunes, M. A. S.",F
394,398,Maria Carolina de Souza Santos,"Santos, M. C. S.",F
395,399,Maria Cecília C. Baranauskas,"Baranauskas, M. C. C.",F
396,400,Maria L. Villegas,"Villegas, M. L.",F
397,401,Maria Lúcia Arraes Seixas,"Seixas, M. L. A.",F
398,402,Maria Lúcia Bento Villela,"Villela, M. L. B.",F
399,403,Mariano Pimentel,"Pimentel, M.",M
400,404,Marília Levacov,"Levacov, M.",F
401,405,Mário Cesar Silveira,"Silveira, M. C.",M
402,406,Marta Rosecler Bez,"Bez, M. R.",F
403,407,Matheus Araújo,"Araújo, M.",M
404,408,Matheus Hentges Ferreira,"Ferreira, M. H.",M
405,409,Matías Espinoza,"Espinoza, M.",M
406,410,Mauricio Cirelli,"Cirelli, M.",M
407,411,Mauro dos Santos Anjo,"Anjo, M. S.",M
408,412,Mauro F. Santos Junior,"Junior, M. F. S.",M
409,413,Mayara Costa Figueiredo,"Figueiredo, M. C.",F
410,414,Mayara G. Leite,"Leite, M. G.",F
411,415,Michele Frighetto,"Frighetto, M.",F
412,416,Michele Mariani,"Mariani, M.",F
413,417,Micheline Parizotto,"Parizotto, M.",F
414,418,Miguel Galves,"Galves, M.",M
415,419,Milene Selbach Silveira,"Silveira, M. S.",F
416,420,Miriam Fernandez,"Fernandez, M.",F
417,421,Mônica Zewe Uriarte,"Uriarte, M. Z.",F
418,422,Nassim Chamel Elias,"Elias, N. C.",
419,423,Natália S. Santos,"Santos, N. S.",F
420,424,Natasha M. C. Valentim,"Valentim, N. M. C.",F
421,425,Nathalie Blanc,"Blanc, N.",F
422,426,Nazareno Andrade,"Andrade, N.",M
423,427,Neno Henrique da Cunha Albernaz,"Albernaz, N. H. C.",
424,428,Neri dos Santos,"Santos, N.",F
425,429,Ney Wagner Freitas Cavalcante,"Cavalcante, N. W. F.",M
426,430,Nirvana S. Antonio,"Antonio, N. S.",F
427,431,Norma P. Hernández,"Hernández, N. P.",F
428,432,Ofelia Cervantes,"Cervantes, O.",F
429,433,Olavo Giraldi Jr.,"Giraldi Jr., O.",M
430,434,Omar G. Junior,"Junior, O. G.",M
431,435,Oronzo Parlangeli,"Parlangeli, O.",
432,436,Osvaldo Huerta,"Huerta, O.",M
433,437,Osvaldo Luiz de Oliveira,"Oliveira, O. L.",M
434,438,Otávio A Martins Netto,"Netto, O. A. M.",M
435,439,Pamela C. Levy,"Levy, P. C.",F
436,440,Patrícia A. Jaques,"Jaques, P. A.",F
437,441,Patricia I. Nakagawa,"Nakagawa, P. I.",F
438,442,Patrícia Rucker de Bassi,"Bassi, P. R.",F
439,443,Patricia Tavares,"Tavares, P.",F
440,444,Patrick Ücker Calvetti,"Calvetti, P. Üc.",M
441,445,Paulo Afonso Parreira Júnior,"Júnior, P. A. P.",M
442,446,Paulo Lício de Geus,"Geus, P. L.",M
443,447,Paulo Melo,"Melo, P.",M
444,448,Paulo R. G. Luzzardi,"Luzzardi, P. R. G.",M
445,449,Paulo Ricardo Baptista Betencourt,"Betencourt, P. R. B.",M
446,450,Paulo Simões Júnior,"Júnior, P. S.",M
447,451,Pedro Henrique Batista Ruas da Silveira,"Silveira, P. H. B. R.",M
448,452,Pedro Luiz Pizzigatti Correa,"Correa, P. L. P.",M
449,453,Pedro Porfírio M. Farias,"Farias, P. P. M.",M
450,454,Pedro Silva,"Silva, P.",M
451,455,Philippe Palanque,"Palanque, P.",M
452,456,Phillipe Marcel M. Ramalho,"Ramalho, P. M. M.",M
453,457,Plínio Thomaz Aquino Junior,"Junior, P. T. A.",M
454,458,Pollyanna Gonçalves,"Gonçalves, P.",F
455,459,Priscila G. Souza,"Souza, P. G.",F
456,460,Priscilla Braz,"Braz, P.",F
457,461,Rafael Brandão,"Brandão, R.",M
458,462,Rafael Godoi Orbolato,"Orbolato, R. G.",M
459,463,Rafael Jeferson Pezzuto Damaceno,"Damaceno, R. J. P.",M
460,464,Rafael Llamas C.,"C., R. L.",M
461,465,Rafael Santos,"Santos, R.",M
462,466,Rafael Testa,"Testa, R.",M
463,467,Rafael Xavier Esteves de Almeida,"Almeida, R. X. E.",M
464,468,Raquel Lara dos Santos,"Santos, R. L.",F
465,469,Raquel Oliveira Prates,"Prates, R. O.",F
466,470,Raqueline Ritter de Moura Penteado,"Penteado, R. R. M.",F
467,471,Reinildes Dias,"Dias, R.",F
468,472,Renata Germano Bianchi,"Bianchi, R. G.",F
469,473,Renata Pontin de Mattos Fortes,"Fortes, R. P. M.",F
470,474,Renato Cerqueira,"Cerqueira, R.",M
471,475,Renato Novais,"Novais, R.",M
472,476,Rener Baffa da Silva,"Silva, R. B.",M
473,477,Ricardo A. Cava,"Cava, R. A.",M
474,478,Ricardo Luís Lachi,"Lachi, R. L.",M
475,479,Ricardo Muneo Kayo,"Kayo, R. M.",M
476,480,Ricardo Roberto Leme,"Leme, R. R.",M
477,481,Richard Faust,"Faust, R.",M
478,482,Roberta Macêdo Marques Gouveia,"Gouveia, R. M. M.",F
479,483,Roberto C. M. Borges,"Borges, R. C. M.",M
480,484,Roberto Calderon,"Calderon, R.",M
481,485,Roberto Pereira,"Pereira, R.",M
482,486,Roberto Romani,"Romani, R.",M
483,487,Roberto S. Bigonha,"Bigonha, R. S.",M
484,488,Rodolfo Capeto,"Capeto, R.",M
485,489,Rodrigo Araujo Barbalho,"Barbalho, R. A.",M
486,490,Rodrigo Assaf,"Assaf, R.",M
487,491,Rodrigo Becker Rabello,"Rabello, R. B.",M
488,492,Rodrigo Bonacin,"Bonacin, R.",M
489,493,Rodrigo de Godoy Domingues,"Domingues, R. G.",M
490,494,Rodrigo Ferreira da Silva,"Silva, R. F.",M
491,495,Rodrigo Fonseca,"Fonseca, R.",M
492,496,Rogério Abreu de Paula,"Paula, R. A.",M
493,497,Rogério Aparecido Campanari Xavier,"Xavier, R. A. C.",M
494,498,Rogério Caetano,"Caetano, R.",M
495,499,Rosa G. Paredes,"Paredes, R. G.",F
496,500,Rosa Vicari,"Vicari, R.",F
497,501,Rosângela D. Penteado,"Penteado, R. D.",F
498,502,Rossana Andrade,"Andrade, R.",F
499,503,Salvador Fuentes,"Fuentes, S.",M
500,504,Samuel Bastos Buchdid,"Buchdid, S. B.",M
501,505,Sandra Ap. Ribeiro Ossada,"Ossada, S. A. R.",F
502,506,Sarah Gomes Sakamoto,"Sakamoto, S. G.",F
503,507,Sebastian Feuerstack,"Feuerstack, S.",M
504,508,Sebastiano Bagnara,"Bagnara, S.",M
505,509,Sergio Firmenich,"Firmenich, S.",M
506,510,Sérgio Luisir Díscola Junior,"Junior, S. L. D.",M
507,511,Sérgio Roberto P. da Silva,"Silva, S. R. P.",M
508,512,Shirley Gois Barreto,"Barreto, S. G.",F
509,513,Sidney Fels,"Fels, S.",M
510,514,Sílvia Amélia Bim,"Bim, S. A.",F
511,515,Silvia C. Martini Rodrigues,"Rodrigues, S. C. M.",F
512,516,Silvia E. Ghirotti,"Ghirotti, S. E.",F
513,517,Silvia Schiaffino,"Schiaffino, S.",F
514,518,Sílvio Massaro Neto Márcio Matias,"Matias, S. M. N. M.",M
515,519,Simone Bacellar Leal Ferreira,"Ferreira, S. B. L.",F
516,520,Simone D. J. Barbosa,"Barbosa, S. D. J.",F
517,521,Simone Isabela de Rezende Xavier,"Xavier, S. I. R.",F
518,523,Soraia de S. Reis,"Reis, S. S.",F
519,524,Stefano A. Cerri,"Cerri, S. A.",M
520,525,Suzanne Kieffer,"Kieffer, S.",F
521,526,Taciana Pontual Falcão,"Falcão, T. P.",F
522,527,Taissa Abdalla Filgueiras de Sousa,"Sousa, T. A. F.",F
523,528,Tancicleide Carina Simões Gomes,"Gomes, T. C. S.",F
524,529,Tânia Kist,"Kist, T.",F
525,530,Tathiane Mendonça Andrade,"Andrade, T. M.",F
526,531,Tatiana A. Tavares,"Tavares, T. A.",F
527,532,Tatiana Silva de Alencar,"Alencar, T. S.",F
528,533,Tayana Conte,"Conte, T.",F
529,534,Tédi Itamar Zanfolim,"Zanfolim, T. I.",
530,535,Thales R. B. Souza,"Souza, T. R. B.",M
531,536,Thiago Adriano Coleti,"Coleti, T. A.",M
532,537,Thiago Carvalho,"Carvalho, T.",M
533,538,Thiago Jabur Bittar,"Bittar, T. J.",M
534,539,Thiago Prado de Campos,"Campos, T. P.",M
535,540,Thiago Schumacher Barcelos,"Barcelos, T. S.",M
536,541,Thiago T. Coelho,"Coelho, T. T.",M
537,542,Thomé Zeina Rebouças Corrêa,"Corrêa, T. Z. R.",M
538,543,Tiago Silva da Silva,"Silva, T. S.",M
539,544,Ticianne Darin,"Darin, T.",F
540,545,Tito Lívio Castro,"Castro, T. L.",M
541,546,Tom Carey,"Carey, T.",M
542,547,Toni Granollers,"Granollers, T.",M
543,548,Ubiratan Carmo,"Carmo, U.",M
544,549,Ugo Braga Sangiorgi,"Sangiorgi, U. B.",M
545,550,Vagner Figuerêdo de Santana,"Santana, V. F.",M
546,551,Vanessa R.M.L. Maike,"Maike, V. R.",F
547,552,Vânia Paula de Almeida Neris,"Neris, V. P. A.",F
548,553,Vaninha Vieira,"Vieira, V.",F
549,554,Vasco Furtado,"Furtado, V.",M
550,555,Verison José Vicentin,"Vicentin, V. J.",
551,556,Victor Cavalcante,"Cavalcante, V.",M
552,557,Victor M. de O. Pereira,"Pereira, V. M. O.",M
553,558,Víctor M. González,"González, V. M.",M
554,559,Victor W. Costa de Medeiros,"Medeiros, V. W. C.",M
555,560,Victor Ximenes,"Ximenes, V.",M
556,561,Vinícius Carvalho Pereira,"Pereira, V. C.",M
557,562,Vinícius G. Carvalho,"Carvalho, V. G.",M
558,563,Vinícius Pereira Gonçalves,"Gonçalves, V. P.",M
559,564,Violeta S.T.D.B Quental,"Quental, V. S. T. D. B.",F
560,565,Virgílio Almeida,"Almeida, V.",M
561,566,Vitor Casadei,"Casadei, V.",M
562,567,Vivian Heemann,"Heemann, V.",F
563,568,Viviane Cristina Oliveira Aureliano,"Aureliano, V. C. O.",F
564,569,Viviane Santos de Oliveira Veiga,"Veiga, V. S. O.",F
565,570,Vladimir Oliveira Di Iorio,"Iorio, V. O. D.",M
566,571,Wagner José Dizeró,"Dizeró, W. J.",M
567,572,Wagner Meira Jr.,"Meira Jr., W.",M
568,573,Walter de Abreu Cybis,"Cybis, W. A.",M
569,574,Wander Antunes Gaspar Valente,"Valente, W. A. G.",M
570,575,Wellington B. do Nascimento Jr.,"Nascimento Jr., W. B.",M
571,576,William J. Giraldo,"Giraldo, W. J.",M
572,577,Williamson Silva,"Silva, W.",M
573,578,Yngve Sundblad,"Sundblad, Y.",
574,579,Yulia Ostróvskaya,"Ostróvskaya, Y.",
575,580,Junia Coutinho Anacleto,"Anacleto, J. C.",
576,581,Vânia Paula de Almeida Néris,"Néris, V. P. A.",
577,582,Muriel de Souza Godoi,"Godoi, M. S.",
578,583,Silvia Zem-Mascarenhas,"Zem-Mascarenhas, S.",
579,584,Henry Lieberman,"Lieberman, H.",
580,585,Felipe S. Santos,"Santos, F. S.",
581,586,Maria Graça Pimentel,"Pimentel, M. G.",
582,587,Marília Mendes,"Mendes, M.",
583,588,Elizabeth Furtado,"Furtado, E.",
584,589,Lucas Vitti Rodrigues,"Rodrigues, L. V.",
585,590,Fábio de Jesus Lima Gomes,"Gomes, F. J. L.",
586,591,Rosane Aragon de Nevado,"Nevado, R. A.",
587,592,Cristian Cechinel,"Cechinel, C.",
588,593,André Longhi,"Longhi, A.",
589,594,Daniela Bernardi,"Bernardi, D.",
590,595,Waldemar P. F. Neto,"Neto, W. P. F.",
591,596,Lucas A. de Lima,"Lima, L. A.",
592,597,Joseana M. Fechine,"Fechine, J. M.",
593,598,Augusto Abelin Moreira,"Moreira, A. A.",
594,599,Elizeth Tavares de Lacerda,"Lacerda, E. T.",
595,600,José Ricardo Lopes,"Lopes, J. R.",
596,601,Elisa Volpato Maia,"Maia, E. V.",
597,602,Marcos L. Nonemacher,"Nonemacher, M. L.",
598,603,Erik Égon Teixeira de Souza,"Souza, E. É. T.",
599,604,Renato Kleber Pereira de Oliveira,"Oliveira, R. K. P.",
600,605,Richarley Evangelista Menescal,"Menescal, R. E.",
601,606,Marcelo Knörich Zuffo,"Zuffo, M. K.",
602,607,Leila Amaral Gontijo,"Gontijo, L. A.",
603,608,Diogo Vargas Tito,"Tito, D. V.",
604,609,Fernanda de Castro Muniz Netto,"Netto, F. C. M.",
605,610,Luiz Guilherme Hilel Drumond,"Drumond, L. G. H.",
606,611,Rochester Leon Diniz Parreiras,"Parreiras, R. L. D.",
607,612,Sérgio Mariano Dias,"Dias, S. M.",
608,613,Andreia Teixeira Pilla,"Pilla, A. T.",
609,614,Frank William Schwanz,"Schwanz, F. W.",
610,615,Joelson Piaia,"Piaia, J.",
611,616,Raquel Weirich,"Weirich, R.",
612,617,Victor Lundgren Bastos,"Bastos, V. L.",
613,618,Amauri Pereira Ramos,"Ramos, A. P.",
614,619,Leonardo Zamarion Carretoni,"Carretoni, L. Z.",
615,620,Pablo Cristiano de Carvalho,"Carvalho, P. C.",
616,621,Wissan Ramadan,"Ramadan, W.",
617,622,José Oscar Fontanini de Carvalho,"Carvalho, J. O. F.",
618,623,André de Oliveira Argentão,"Argentão, A. O.",
619,624,Eduardo Sacogne Fraccaroli,"Fraccaroli, E. S.",
620,625,Elen Collaço de Oliveira,"Oliveira, E. C.",
621,626,Thiago Tsuyoshi Nishio,"Nishio, T. T.",
622,627,Plinio Thomaz Aquino Jr.,"Jr., P. T. A.",
623,628,José Pedrosa Barreto Neto,"Neto, J. P. B.",
624,629,Yuska Paola Costa Aguiar,"Aguiar, Y. P. C.",
625,630,Maria de Fátima Queiroz Vieira Turnell,"Turnell, M. F. Q. V.",
626,631,Ariel Vargas,"Vargas, A.",
627,632,Elisa Volpato,"Volpato, E.",
628,633,Emilia Sobral,"Sobral, E.",
629,634,Luis Fernando C. e Silva,"Silva, L. F. C. e.",
630,635,Maria Laura Martinez,"Martinez, M. L.",
631,636,Bonnie Nardi,"Nardi, B.",
632,637,Darko Kirovski,"Kirovski, D.",
633,638,Alan Dix,"Dix, A.",
634,639,Arno Scharl,"Scharl, A.",
635,640,Albert Weichselbraun,"Weichselbraun, A.",
636,641,Gerhard Wohlgenannt,"Wohlgenannt, G.",
637,642,Ana Emília de Melo Queiroz,"Queiroz, A. E. M.",
638,643,Maurício Motta Braga,"Braga, M. M.",
639,644,Frederick M. C. van Amstel,"Amstel, F. M. C. v.",
640,645,Maxim Bakaev,"Bakaev, M.",
641,646,Marcelo K. Zuffo,"Zuffo, M. K.",
642,647,Ecivaldo de Souza Matos,"Matos, E. S.",
643,648,Flavio Miyamaru,"Miyamaru, F.",
644,649,Leonardo Leite,"Leite, L.",
645,650,André Bertuzzi,"Bertuzzi, A.",
646,651,Lucia Filgueiras,"Filgueiras, L.",
647,652,Marília Mendes,"Mendes, M.",
648,653,Ítalo Matos,"Matos, Í.",
649,654,Elizabeth Furtado,"Furtado, E.",
650,655,Oscar Mayora,"Mayora, O.",
651,656,Fábio de Jesus Lima Gomes,"Gomes, F. J. L.",
652,657,Rosane Aragon de Nevado,"Nevado, R. A.",
653,658,Filipe Roseiro Côgo,"Côgo, F. R.",
654,659,Chantal Intrator,"Intrator, C.",
655,660,Denise Hippler,"Hippler, D.",
656,661,José Mario De Martino,"Martino, J. M. D.",
657,662,Filipe Levi,"Levi, F.",
658,663,Alexandre Freire da Silva Osorio,"Osorio, A. F. S.",
659,664,Cláudia Povoas Schmidt,"Schmidt, C. P.",
660,665,Robson Eudes Duarte,"Duarte, R. E.",
661,666,Carlos Rosemberg,"Rosemberg, C.",
662,667,Albert Schilling,"Schilling, A.",
663,668,Cristianne Bastos,"Bastos, C.",
664,669,Rodrigo Araripe,"Araripe, R.",
665,670,Cássio A. Melo,"Melo, C. A.",
666,671,Helton Maia Peixoto,"Peixoto, H. M.",
667,672,Sheyla de Farias Gomes,"Gomes, S. F.",
668,673,Allan de M. Martins,"Martins, A. M.",
669,674,José Alfredo F. Costa,"Costa, J. A. F.",
670,675,Licinio Roque,"Roque, L.",
671,676,Felipe Stanque Machado Jr,"Jr, F. S. M.",
672,677,Anderson G. Silva,"Silva, A. G.",
673,678,Bruno F. Marques,"Marques, B. F.",
674,679,Diego N. Riff,"Riff, D. N.",
675,680,Lucas A. Barreto,"Barreto, L. A.",
676,681,Rafael B. C. Santos,"Santos, R. B. C.",
677,682,Daniel F. Arcoverde,"Arcoverde, D. F.",
678,683,Cássio A. Melo,"Melo, C. A.",
679,684,Raoni O. S. Franco,"Franco, R. O. S.",
680,685,Flavio Miyamaru,"Miyamaru, F.",
681,686,Leonardo Leite,"Leite, L.",
682,687,André Bertuzzi,"Bertuzzi, A.",
683,688,Lucia Filgueiras,"Filgueiras, L.",
684,689,Thiago Henrique Cortez,"Cortez, T. H.",
685,690,Eunice Gomes de Siqueira,"Siqueira, E. G.",
686,691,Júlio Resende Ribeiro,"Ribeiro, J. R.",
687,692,Alexandre Franco de Magalhães,"Magalhães, A. F.",
688,693,Patrícia Seda Barbone,"Barbone, P. S.",
689,694,André Mendonça,"Mendonça, A.",
690,695,Artur Ribeiro,"Ribeiro, A.",
691,696,Breno Araújo,"Araújo, B.",
692,697,Eduardo Franklin,"Franklin, E.",
693,698,Rodrigo Freitas e Rodolfo Vasconcelos,"Vasconcelos, R. F. e. R.",
694,699,Alexandre Ferreira,"Ferreira, A.",
695,700,Eliane Pereira,"Pereira, E.",
696,701,Aparecido Carvalho,"Carvalho, A.",
697,702,Izaura Carelli,"Carelli, I.",
698,703,Christian P. Brackmann,"Brackmann, C. P.",
699,704,Cauane Blumenberg Silva,"Silva, C. B.",
700,705,Felipe Soares de Oliveira,"Oliveira, F. S.",
701,706,Andre Felipe Palmeira,"Palmeira, A. F.",
702,707,Andrew Anderson Chagas Câmara,"Câmara, A. A. C.",
703,708,Cássio A. Melo,"Melo, C. A.",
704,709,Claudia Tambascia,"Tambascia, C.",
705,710,Ismael Ávila,"Ávila, I.",
706,711,Lara Piccolo,"Piccolo, L.",
707,712,Bruno Bonifácio,"Bonifácio, B.",
708,713,Davi Viana,"Viana, D.",
709,714,Sérgio Vieira,"Vieira, S.",
710,715,Cristina Araújo,"Araújo, C.",
711,716,Stefan Martins,"Martins, S.",
712,717,Lucia Filgueiras,"Filgueiras, L.",
713,718,Maria Augusta S. N. Nunes,"Nunes, M. A. S. N.",
714,719,Jonas S. Bezerra,"Bezerra, J. S.",
715,720,Adicinéia A. de Oliveira,"Oliveira, A. A.",
716,721,Vedran Sabol,"Sabol, V.",
717,722,Kamran Ali Ahmad Syed,"Syed, K. A. A.",
718,723,Arno Scharl,"Scharl, A.",
719,724,Markus Muhr,"Muhr, M.",
720,725,Alexander Hubmann-Haidvogel,"Hubmann-Haidvogel, A.",
721,726,João Paulo Delgado Preti,"Preti, J. P. D.",
722,727,Angelo Magno de Jesus,"Jesus, A. M.",
723,728,Graziella Cardoso Bonadia,"Bonadia, G. C.",
724,729,Claudia de Andrade Tambascia,"Tambascia, C. A.",
725,730,Edna Magalhães,"Magalhães, E.",
726,731,Viviane Gomes,"Gomes, V.",
727,732,Leonardo Santos,"Santos, L.",
728,733,Albert Schilling,"Schilling, A.",
729,734,Carlos Rosemberg,"Rosemberg, C.",
730,735,Joice Barbosa,"Barbosa, J.",
731,736,Gabriela Telles,"Telles, G.",
732,737,Karine Drumond,"Drumond, K.",
733,738,Francisco Petrônio,"Petrônio, F.",
734,739,Bernardo Lula Júnior,"Júnior, B. L.",
735,740,Alencar de Medeiros,"Medeiros, A.",
736,741,Nielson J. P. da S. Júnior,"Júnior, N. J. P. S.",
737,742,Giuseppe A. Lima,"Lima, G. A.",
738,743,Victor Josué Salles,"Salles, V. J.",
739,744,Janicy Aparecida Pereira Rocha,"Rocha, J. A. P.",
740,745,Tiago França Melo de Lima,"Lima, T. F. M.",
741,746,Joseane Giacomelli,"Giacomelli, J.",
742,747,Rumenigue Hohemberger,"Hohemberger, R.",
743,748,Felipe Siller,"Siller, F.",
744,749,Karolyne Maria Alves de Oliveira,"Oliveira, K. M. A.",
745,750,Aline de Araújo Alencar,"Alencar, A. A.",
746,751,Maria Amélia Teixeira da Silva,"Silva, M. A. T.",
747,752,Guilherme Ataíde Dias,"Dias, G. A.",
748,753,Bruno Bonifácio,"Bonifácio, B.",
749,754,Horácio Oliveira,"Oliveira, H.",
750,755,Marco Winckler,"Winckler, M.",
751,756,Lafayette Batista Melo,"Melo, L. B.",
752,757,Laura Aballay,"Aballay, L.",
753,758,Myriam Herrera,"Herrera, M.",
754,759,Leonardo Sommariva,"Sommariva, L.",
755,760,Fabiane B. Vavassori Benitti,"Benitti, F. B. V.",
756,761,Felipe Simoni Dalcin,"Dalcin, F. S.",
757,762,Yane Wanderley Dos Santos Rodrigues,"Rodrigues, Y. W. D. S.",
758,763,Carina Frota Alves,"Alves, C. F.",
759,764,Carlos Rosemberg Maia De Carvalho,"Carvalho, C. R. M. D.",
760,765,Gabriela Campos Costa,"Costa, G. C.",
761,766,Carlos Diego Andrade,"Andrade, C. D.",
762,767,Carlos Marcellus Bandeira Cysne,"Cysne, C. M. B.",
763,768,Roberto Muñoz,"Muñoz, R.",
764,769,Cristian Rusu,"Rusu, C.",
765,770,Vinícius C. V. B. Segura,"Segura, V. C. V. B.",
766,771,Elisa Y. Nakagawa,"Nakagawa, E. Y.",
767,772,Ewerton M. De Menezes,"Menezes, E. M. D.",
768,773,Bruno De Campos Buccolo,"Buccolo, B. D. C.",
769,774,Mauro Dos Santos Anjo,"Anjo, M. D. S.",
770,775,Eduardo M. Pires,"Pires, E. M.",
771,776,Lais V. Vital,"Vital, L. V.",
772,777,Carina F. Alves,"Alves, C. F.",
773,778,Bianca O. Pereira,"Pereira, B. O.",
774,779,Cristiano Expedito,"Expedito, C.",
775,780,Fabrício Firmino De Faria,"Faria, F. F. D.",
776,781,Adriana S. Vivacqua,"Vivacqua, A. S.",
777,782,Alline Mayumi Ribeiro Kobayashi,"Kobayashi, A. M. R.",
778,783,Caroline Castello Letizio,"Letizio, C. C.",
779,784,Silvana M. Affonso De Lara,"Lara, S. M. A. D.",
780,785,Denis Oliveira,"Oliveira, D.",
781,786,Arno Scharl,"Scharl, A.",
782,787,Alexander Hubmann-Haidvogel,"Hubmann-Haidvogel, A.",
783,788,Gerhard Wohlgenannt,"Wohlgenannt, G.",
784,789,Albert Weichselbraun,"Weichselbraun, A.",
785,790,Astrid Dickinger,"Dickinger, A.",
786,791,Priscila Fernandes,"Fernandes, P.",
787,792,Lennon Chaves,"Chaves, L.",
788,793,Bruno Bonifácio,"Bonifácio, B.",
789,794,Lúcio Charallo,"Charallo, L.",
790,795,Tony Alexander Hild,"Hild, T. A.",
791,796,Cristiano E. Ribeiro,"Ribeiro, C. E.",
792,797,Fabrício F. de Faria,"Faria, F. F.",
793,798,Bianca de O. Pereira,"Pereira, B. O.",
794,799,Adriana S. Vivacqua,"Vivacqua, A. S.",
795,800,Rafael L. P. da Silva,"Silva, R. L. P.",
796,801,Junia Coutinho Anacleto,"Anacleto, J. C.",
797,802,Anderson Santana,"Santana, A.",
798,803,Jair Leite,"Leite, J.",
799,804,Raquel da Cunha Recuero,"Recuero, R. C.",
800,805,Marco Winckler,"Winckler, M.",
801,806,Tiago Barros,"Barros, T.",
802,807,Carlos Rosemberg,"Rosemberg, C.",
803,808,Albert Schilling,"Schilling, A.",
804,809,Talita C. P. Britto,"Britto, T. C. P.",
805,810,Bruno E. Penteado,"Penteado, B. E.",
806,811,Lívia C. G. Martins,"Martins, L. C. G.",
807,812,Junia C. Anacleto,"Anacleto, J. C.",
808,813,Milene Silveira,"Silveira, M.",
809,814,Frank Maurer,"Maurer, F.",
810,815,Janne Yukiko Yoshikawa Oeiras Lachi,"Lachi, J. Y. Y. O.",
811,816,Mario Alberto Moreno Rocha,"Rocha, M. A. M.",
812,817,Luciano Tadeu Esteves Pansanato,"Pansanato, L. T. E.",
813,818,André Luís Martins Bandeira,"Bandeira, A. L. M.",
814,819,Luiz Gustavo dos Santos,"Santos, L. G.",
815,820,Dferson do Prado Pereira,"Pereira, D. P.",
816,821,Junia Coutinho Anacleto,"Anacleto, J. C.",
817,822,Lafayette Batista Melo,"Melo, L. B.",
818,823,Bruno Luís do Nascimento Costa,"Costa, B. L. N.",
819,824,Dayvison Santos de Almeida,"Almeida, D. S.",
820,825,Dyego Morais,"Morais, D.",
821,826,Tancicleide Gomes,"Gomes, T.",
822,827,Lidia Silva Ferreira e,"e, L. S. F.",
823,828,Roberto Muñoz,"Muñoz, R.",
824,829,Virgínia Chalegre,"Chalegre, V.",
825,830,Erton W. Vieira,"Vieira, E. W.",
826,831,Renata R. V. Gonçalves,"Gonçalves, R. R. V.",
827,832,Daniel Y. T. Chino,"Chino, D. Y. T.",
828,833,Maihara F. de Oliveira Baldus,"Baldus, M. F. O.",
829,834,Patrícia Cristiane de Souza,"Souza, P. C.",
830,835,Viviane Delvequio,"Delvequio, V.",
831,836,Alessandra Rosa,"Rosa, A.",
832,837,Charles Giovane de Salles,"Salles, C. G.",
833,838,Jeferson José Baqueta,"Baqueta, J. J.",
834,839,João Paulo Colling,"Colling, J. P.",
835,840,Edie Correia Santana,"Santana, E. C.",
836,841,Katia Morosov Alonso,"Alonso, K. M.",
837,842,Fábio Pereira Alves,"Alves, F. P.",
838,843,Junia Coutinho Anacleto,"Anacleto, J. C.",
839,844,Jader de Freitas Saldanha,"Saldanha, J. F.",
840,845,Junio Soares Dias,"Dias, J. S.",
841,846,Luiz Henrique A. Salazar,"Salazar, L. H. A.",
842,847,Thaísa Lacerda,"Lacerda, T.",
843,848,Christiane Gresse von Wangenheim,"Wangenheim, C. G. v.",
844,849,Marcio Alexandre de Queiroz,"Queiroz, M. A.",
845,850,Cecília Sosa Arias Peixoto,"Peixoto, C. S. A.",
846,851,Ricardo Kramer de Oliveira Barros,"Barros, R. K. O.",
847,852,Giuliano Araujo Bertoti,"Bertoti, G. A.",
848,853,Adriana Vivacqua,"Vivacqua, A.",
849,854,Leonardo A. Ferreira,"Ferreira, L. A.",
850,855,Plinio Thomaz Aquino Jr.,"Jr., P. T. A.",
851,856,Elizabete Munzlinger,"Munzlinger, E.",
852,857,Fabricio Batista Narcizo,"Narcizo, F. B.",
853,858,Patricia Cristiane de Souza,"Souza, P. C.",
854,859,Luciana A. O. de Moraes,"Moraes, L. A. O.",
855,860,Alexandre M. A. Maciel,"Maciel, A. M. A.",
856,861,Rodrigo L. Rodrigues,"Rodrigues, R. L.",
857,862,Pablo V. A. Barros,"Barros, P. V. A.",
858,863,Edson C. B. Carvalho,"Carvalho, E. C. B.",
859,864,Marco Winckler,"Winckler, M.",
860,865,André Specian Cardoso,"Cardoso, A. S.",
861,866,Tiago Alexandre Schulz Sippert,"Sippert, T. A. S.",
862,867,Átila S. Oliveira,"Oliveira, Á. S.",
863,868,Arthur T. Oliveira,"Oliveira, A. T.",
864,869,Deivith S. M. Oliveira,"Oliveira, D. S. M.",
865,870,Mateus P. G. Carneiro,"Carneiro, M. P. G.",
866,871,Rodrigo L. A. Almeida,"Almeida, R. L. A.",
867,872,Ticianne G. R. Darin,"Darin, T. G. R.",
868,873,Ana Terto,"Terto, A.",
869,874,Cláudio Alves,"Alves, C.",
870,875,Janicy Rocha,"Rocha, J.",
871,876,Raquel Prates,"Prates, R.",
872,877,Juliano de Carvalho,"Carvalho, J.",
873,878,Felipe Lammel,"Lammel, F.",
874,879,Lucélia Chipeaux,"Chipeaux, L.",
875,880,Milene Silveira,"Silveira, M.",
876,881,Maíra C. Canal,"Canal, M. C.",
877,882,Elizabeth Furtado,"Furtado, E.",
878,883,Kátia Cilene Neles da Silva,"Silva, K. C. N.",
879,884,Luiz Henrique M. Barbarini,"Barbarini, L. H. M.",
880,885,Williams Ribeiro Aguiar,"Aguiar, W. R.",
881,886,Gabriel T. Giancristofaro,"Giancristofaro, G. T.",
882,887,Geraldo P. R. Filho,"Filho, G. P. R.",
883,888,Sibelius Seraphini,"Seraphini, S.",
884,889,Edson A. G. Coutinho,"Coutinho, E. A. G.",
885,890,Selan R. dos Santos,"Santos, S. R.",
886,891,Emiliano Firmino,"Firmino, E.",
887,892,Mauro Teófilo,"Teófilo, M.",
888,893,Danilo Wictky Fabri,"Fabri, D. W.",
889,894,Thiago Krempser,"Krempser, T.",
890,895,Ana Flavia de Andrade da Silva,"Silva, A. F. A.",
891,896,Annibal Biondi Mendes da Silva,"Silva, A. B. M.",
892,897,Veronica Oliveira Pontes,"Pontes, V. O.",
893,898,Elaine Naomi Watanabe,"Watanabe, E. N.",
894,899,Marcia Ito,"Ito, M.",
895,900,Ana Paula Nunes Guimarães,"Guimarães, A. P. N.",
896,901,Álan Lívio V. Guedes,"Guedes, Á. L. V.",
897,902,Angelina Ziesemer,"Ziesemer, A.",
898,903,Milene Silveira,"Silveira, M.",
899,904,Daniel Y. T. Chino,"Chino, D. Y. T.",
900,905,Letricia P. S. Avalhais,"Avalhais, L. P. S.",
901,906,Willian D. Oliveira,"Oliveira, W. D.",
902,907,Renata R. V. Gonçalves,"Gonçalves, R. R. V.",
903,908,Caetano Traina Jr.,"Jr., C. T.",
904,909,Jessica Oliveira de Souza,"Souza, J. O.",
905,910,Leonardo Castro Botega,"Botega, L. C.",
906,911,Ana Regina M. Cuperschmid,"Cuperschmid, A. R. M.",
907,912,Regina Coeli Ruschel,"Ruschel, R. C.",
908,913,Ana Maria R. de G. Monteiro,"Monteiro, A. M. R. G.",
909,914,Denise Notini Nogueira,"Nogueira, D. N.",
910,915,Patricia Cristiane de Souza,"Souza, P. C.",
911,916,Luciana A. O. de Moraes,"Moraes, L. A. O.",
912,917,Claudio S. Pinhanez,"Pinhanez, C. S.",
913,918,Silvia Cristina Sardela Bianchi,"Bianchi, S. C. S.",
914,919,Elaine Naomi Watanabe,"Watanabe, E. N.",
915,920,Alessandro Costa,"Costa, A.",
916,921,Carina Missae,"Missae, C.",
917,922,Karla da Cruz Costa,"Costa, K. C.",
918,923,Belisa Furquim,"Furquim, B.",
919,924,Marcelo Biacchi,"Biacchi, M.",
920,925,Guilherme Paes,"Paes, G.",
921,926,Adam Silva,"Silva, A.",
922,927,Jean Simeoni,"Simeoni, J.",
923,928,Julio Nascimento,"Nascimento, J.",
924,929,Eduardo Tanaka,"Tanaka, E.",
925,930,Alessandro Assis,"Assis, A.",
926,931,André Ferreira,"Ferreira, A.",
927,932,Maria Janaina S. F. Giocondo,"Giocondo, M. J. S. F.",
928,933,Tiago V. de Arruda,"Arruda, T. V.",
929,934,Thales Sakano,"Sakano, T.",
930,935,Leonardo Botega,"Botega, L.",
931,936,Jéssica Oliveira,"Oliveira, J.",
932,937,Kátia Pereira,"Pereira, K.",
933,938,Vitor Hugo Miranda Mourão,"Mourão, V. H. M.",
934,939,Marcus F. T. Machado,"Machado, M. F. T.",
935,940,Bruno S. Nascimento,"Nascimento, B. S.",
936,941,Adriana S. Vivacqua,"Vivacqua, A. S.",
937,942,Marcos R. S. Borges,"Borges, M. R. S.",
938,943,Fernando Accorsi,"Accorsi, F.",
939,944,Luciana M. Vieira Pöttker,"Pöttker, L. M. V.",
940,945,Vitória Colito Gardim,"Gardim, V. C.",
941,946,Barbara Moissa,"Moissa, B.",
942,947,Alexandre Veloso de Matos,"Matos, A. V.",
943,948,Gilmário Barbosa dos Santos,"Santos, G. B.",
944,949,Luís Cláudio Gouveia Rocha,"Rocha, L. C. G.",
945,950,Adja Ferreira de Andrade,"Andrade, A. F.",
946,951,Junio Soares Dias,"Dias, J. S.",
947,952,I. G. Antão,"Antão, I. G.",
948,953,J. B. Santos,"Santos, J. B.",
949,954,Marcelo Fudo Rech,"Rech, M. F.",
950,955,Marcio Seiji Oyamada,"Oyamada, M. S.",
951,956,Alisson Pinheiro,"Pinheiro, A.",
952,957,Ana Carolina Góes,"Góes, A. C.",
953,958,José Viterbo,"Viterbo, J.",
954,959,André Pimenta Freire,"Freire, A. P.",
955,960,Silvana Maria Affonso de Lara,"Lara, S. M. A.",
956,961,Lucas Aragão de Carvalho,"Carvalho, L. A.",
957,962,Clebson Canuto,"Canuto, C.",
958,963,Marcelle Rodrigues Silva,"Silva, M. R.",
959,964,Ana Paula Guimarães Santos de Oliveira,"Oliveira, A. P. G. S.",
960,965,Thiago H. Silva,"Silva, T. H.",
961,966,Pedro O. S. Vaz de Melo,"Melo, P. O. S. V.",
962,967,Jussara M. Almeida,"Almeida, J. M.",
963,968,Antonio A. F. Loureiro,"Loureiro, A. A. F.",
964,969,Arno Scharl,"Scharl, A.",
965,970,Carmina Reyes,"Reyes, C.",
966,971,Alexander Hubmann-Haidvogel,"Hubmann-Haidvogel, A.",
967,972,Filipe Morgado Simões de Campos,"Campos, F. M. S.",
968,973,Ozonias de Oliveira B. Junior,"Junior, O. O. B.",
969,974,Yuska Paola Costa Aguiar,"Aguiar, Y. P. C.",
970,975,Letícia Di Maio,"Maio, L. D.",
971,976,Ney Cavalcante,"Cavalcante, N.",
972,977,José Luiz dos Anjos Rosa,"Rosa, J. L. A.",
973,978,Horacio Soares,"Soares, H.",
974,979,Aline Alves,"Alves, A.",
975,980,Ana Luiza Kaori Waki,"Waki, A. L. K.",
976,981,Guilherme dos Santos Fujiyoshi,"Fujiyoshi, G. S.",
977,982,Cristiane Ellwanger,"Ellwanger, C.",
978,983,Guilherme Jantsch Moreira,"Moreira, G. J.",
979,984,Camila Loiola Brito Maia,"Maia, C. L. B.",
980,985,Ana Carolina Bertoletti De Marchi,"Marchi, A. C. B. D.",
981,986,Eliane Lucia Colussi,"Colussi, E. L.",
982,987,Muriane Zimmer,"Zimmer, M.",
983,988,Mateus Trombetta,"Trombetta, M.",
984,989,Daiana Biduski,"Biduski, D.",
985,990,Carlos Rios,"Rios, C.",
986,991,Juan Manuel Rodriguez,"Rodriguez, J. M.",
987,992,Daniela Godoy,"Godoy, D.",
988,993,Alejandro Zunino,"Zunino, A.",
989,994,Ramon Mayor Martins,"Martins, R. M.",
990,995,Carlos Alberto Ynoguti,"Ynoguti, C. A.",
991,996,Alexandre M. F. de Sousa,"Sousa, A. M. F.",
992,997,Henrique Taunay,"Taunay, H.",
993,998,Leonardo Nascimento,"Nascimento, L.",
994,999,Vicente Neto,"Neto, V.",
995,1000,Alberto Raposo,"Raposo, A.",
996,1001,Betty Chávez Boza,"Boza, B. C.",
997,1002,Alfredo Teyseyre,"Teyseyre, A.",
998,1003,Daniela Godoy,"Godoy, D.",
999,1004,Diego Barros,"Barros, D.",
1000,1005,Raquel Prates,"Prates, R.",
1001,1006,Raquel Melo-Minardi,"Melo-Minardi, R.",
1002,1007,Fernanda C. Ribeiro,"Ribeiro, F. C.",
1003,1008,Luan Costa,"Costa, L.",
1004,1009,Melise M. V. de Paula,"Paula, M. M. V.",
1005,1010,Natália Oliveira,"Oliveira, N.",
1006,1011,Leonardo Botega,"Botega, L.",
1007,1012,Claudia Berti,"Berti, C.",
1008,1013,Márcio Campos,"Campos, M.",
1009,1014,Vânia Neris e,"e, V. N.",
1010,1015,Regina Borges de Araújo,"Araújo, R. B.",
1011,1016,Marcio Cunha,"Cunha, M.",
1012,1017,Hugo Fuks,"Fuks, H.",
1013,1018,Andrew T. N. Kurauchi,"Kurauchi, A. T. N.",
1014,1019,Marcelino M. de Souza,"Souza, M. M.",
1015,1020,Markus Endler,"Endler, M.",
1016,1021,Leticia Ramos,"Ramos, L.",
1017,1022,Roberto C. Betini,"Betini, R. C.",
1018,1023,Julio Cesar Dos Reis,"Reis, J. C. D.",
1019,1024,Camila Loiola Brito Maia,"Maia, C. L. B.",
1020,1025,Alexandre Pinheiro,"Pinheiro, A.",
1021,1026,Claudia Cappelli,"Cappelli, C.",
1022,1027,Alessandro Arpetti,"Arpetti, A.",
1023,1028,Carlos Laufer,"Laufer, C.",
1024,1029,José Valderlei da Silva,"Silva, J. V.",
1025,1030,Filipe Roseiro Côgo,"Côgo, F. R.",
1026,1031,Alexandre Alvaro,"Alvaro, A.",
1027,1032,Luciana Salgado,"Salgado, L.",
1028,1033,Letícia Régis Di Maio,"Maio, L. R. D.",
1029,1034,Morganna Carmem Diniz,"Diniz, M. C.",
1030,1035,Fábio Pereira Alves,"Alves, F. P.",
1031,1036,Alberto Raposo,"Raposo, A.",
1032,1037,Emanuel Felipe Duarte,"Duarte, E. F.",
1033,1038,Edson A. Oliveira Junior,"Junior, E. A. O.",
1034,1039,Edson A. Oliveira Junior,"Junior, E. A. O.",
1035,1040,Elisa Tuler de Albergaria,"Albergaria, E. T.",
1036,1041,Marcello Peixoto Bax,"Bax, M. P.",
1037,1042,Talita C. Pagani Britto,"Britto, T. C. P.",
1038,1043,Leticia Maria de O. Camenar,"Camenar, L. M. O.",
1039,1044,Simone Nasser Matos,"Matos, S. N.",
1040,1045,Willian Massami Watanabe,"Watanabe, W. M.",
1041,1046,Fernando Winckler Simor,"Simor, F. W.",
1042,1047,Rafael Rieder,"Rieder, R.",
1043,1048,Carolina B. De Marchi,"Marchi, C. B. D.",
1044,1049,Edson Gonçalves,"Gonçalves, E.",
1045,1050,Bruno Bonifácio,"Bonifácio, B.",
1046,1051,Ewerton M. Martins,"Martins, E. M.",
1047,1052,Robson E. Duarte,"Duarte, R. E.",
1048,1053,Claudinei Martins,"Martins, C.",
1049,1054,Henrique M. Costa,"Costa, H. M.",
1050,1055,Sergio H. Mourthé Duarte,"Duarte, S. H. M.",
1051,1056,Deivid dos Santos Alves,"Alves, D. S.",
1052,1057,Luan Rafael Castor Pinheiro,"Pinheiro, L. R. C.",
1053,1058,Giuliano Araujo Bertoti,"Bertoti, G. A.",
1054,1059,Barbara Moissa,"Moissa, B.",
1055,1060,Avanilde Kemczinski,"Kemczinski, A.",
1056,1061,Hugo Roque,"Roque, H.",
1057,1062,Alberto Raposo,"Raposo, A.",
1058,1063,Edison Jhonatan R. Moura,"Moura, E. J. R.",
1059,1064,Jean Felipe Cheiran,"Cheiran, J. F.",
1060,1065,Airton Bordin Junior,"Junior, A. B.",
1061,1066,Daniela Priscila de Oliveira Veronezi,"Veronezi, D. P. O.",
1062,1067,Nathan Medronha da Silva,"Silva, N. M.",
1063,1068,Giovana Jaskulski Gelatti,"Gelatti, G. J.",
1064,1069,Vinícius Alves Cassales,"Cassales, V. A.",
1065,1070,André Prisco Vargas,"Vargas, A. P.",
1066,1071,Carla Imaraya de Felippe,"Felippe, C. I.",
1067,1072,Karina dos Santos Machado,"Machado, K. S.",
1068,1073,Alexandre N. Araújo,"Araújo, A. N.",
1069,1074,Adrian T. Procopiou,"Procopiou, A. T.",
1070,1075,Ariane A. Noite,"Noite, A. A.",
1071,1076,Danilo M. Nogueira,"Nogueira, D. M.",
1072,1077,Paulo Urbano,"Urbano, P.",
1073,1078,Rodrigo Cruz,"Cruz, R.",
1074,1079,Tâmara Duarte,"Duarte, T.",
1075,1080,Marcos André Franco Martins,"Martins, M. A. F.",
1076,1081,Anna Barbosa,"Barbosa, A.",
1077,1082,Karla Silva,"Silva, K.",
1078,1083,Nanci Bonfim,"Bonfim, N.",
1079,1084,Raniere Silva,"Silva, R.",
1080,1085,Thalita Santana,"Santana, T.",
1081,1086,Ecivaldo Matos,"Matos, E.",
1082,1087,Augusto Weiand,"Weiand, A.",
1083,1088,Caroline Queiroz Santos,"Santos, C. Q.",
1084,1089,Marcelo Cabral Ghilardi,"Ghilardi, M. C.",
1085,1090,Tallitha Campos,"Campos, T.",
1086,1091,Charles Alvarenga,"Alvarenga, C.",
1087,1092,Frederico Americano,"Americano, F.",
1088,1093,Priscila Souza,"Souza, P.",
1089,1094,Raquel Prates,"Prates, R.",
1090,1095,Letícia Régis Di Maio,"Maio, L. R. D.",
1091,1096,Walter Ritzel Paixo Cortes,"Cortes, W. R. P.",
1092,1097,Aline Zanin,"Zanin, A.",
1093,1098,Leonardo Veronese Soletti,"Soletti, L. V.",
1094,1099,Vanessa Stangherlin Machado,"Machado, V. S.",
1095,1100,Pedro Henrique Lopes da Silva,"Silva, P. H. L.",
1096,1101,Bernardo Alves Villarinho Lima,"Lima, B. A. V.",
1097,1102,Jesús Pascual Mena Chalco,"Chalco, J. P. M.",
1098,1103,Carlos Alberto Joia Lazarin,"Lazarin, C. A. J.",
1099,1104,Rodrigo Prestes Machado,"Machado, R. P.",
1100,1105,Débora Conforto,"Conforto, D.",
1101,1106,Lucila Santarosa,"Santarosa, L.",
1102,1107,Adriano D. Evelin,"Evelin, A. D.",
1103,1108,Kássia C. da Silva,"Silva, K. C.",
1104,1109,Otaviano F. Neves,"Neves, O. F.",
1105,1110,Vanessa R. M. L. Maike,"Maike, V. R. M. L.",
1106,1111,Camila Loiola Brito Maia,"Maia, C. L. B.",
1107,1112,Ingrid da Silva Carneiro,"Carneiro, I. S.",
1108,1113,Kiemute Oyibo,"Oyibo, K.",
1109,1114,Julita Vassileva,"Vassileva, J.",
1110,1115,Cláudia Ferreira da Silva,"Silva, C. F.",
1111,1116,João Felipe Moreira Ramos,"Ramos, J. F. M.",
1112,1117,Alexandre A. Freitas,"Freitas, A. A.",
1113,1118,Carlos G. R. Santos,"Santos, C. G. R.",
1114,1119,Bianchi S. Meiguins,"Meiguins, B. S.",
1115,1120,Wilmax Marreiro Cruz,"Cruz, W. M.",
1116,1121,Seiji Isotani,"Isotani, S.",
1117,1122,Luís Carriço,"Carriço, L.",
1118,1123,Tiago Guerreiro,"Guerreiro, T.",
1119,1124,Ana Carolina Tomé Klock,"Klock, A. C. T.",
1120,1125,Luã Marcelo Muriana,"Muriana, L. M.",
1121,1126,Lucas Pedroso Carvalho,"Carvalho, L. P.",
1122,1127,Bruno Piovesan Melchiori Peruzza,"Peruzza, B. P. M.",
1123,1128,Flávia Santos,"Santos, F.",
1124,1129,Lucas Pereira Ferreira,"Ferreira, L. P.",
1125,1130,André Pimenta Freire,"Freire, A. P.",
1126,1131,Andrey Antonio de O. Rodrigues,"Rodrigues, A. A. O.",
1127,1132,Fabiane Aparecida Santos Clemente,"Clemente, F. A. S.",
1128,1133,Antonio Alberto Sena dos Santos,"Santos, A. A. S.",
1129,1134,Fabrício H. S. Pereira,"Pereira, F. H. S.",
1130,1135,Felipe Ciaciá de Mendonça,"Mendonça, F. C.",
1131,1136,Cleusa de Fátima Granatto,"Granatto, C. F.",
1132,1137,Marynea A. P. Pallaro,"Pallaro, M. A. P.",
1133,1138,Andre de Oliveira Bueno,"Bueno, A. O.",
1134,1139,Lucas Cesar Ferreira,"Ferreira, L. C.",
1135,1140,Vinicius Ferreira,"Ferreira, V.",
1136,1141,Junia Coutinho Anacleto,"Anacleto, J. C.",
1137,1142,Mary Beth Rosson,"Rosson, M. B.",
1138,1143,Andrew Kurauchi,"Kurauchi, A.",
1139,1144,Flávio Coutinho,"Coutinho, F.",
1140,1145,Carlos Morimoto,"Morimoto, C.",
1141,1146,Eduardo A. Yamauchi,"Yamauchi, E. A.",
1142,1147,Patricia C. de Souza,"Souza, P. C.",
1143,1148,Deógenes P. S. Junior,"Junior, D. P. S.",
1144,1149,Vanessa R. M. L. Maike,"Maike, V. R. M. L.",
1145,1150,Vinícius C.V.B. Segura,"Segura, V. C.",
1146,1151,Renato F. de G. Cerqueira,"Cerqueira, R. F. G.",
1147,1152,Simone D.J. Barbosa,"Barbosa, S. D.",
1148,1153,Gabriela Amaral Araújo de Oliveira,"Oliveira, G. A. A.",
1149,1154,Raphael Winckler de Bettio,"Bettio, R. W.",
1150,1155,André Pimenta Freire,"Freire, A. P.",
1151,1156,Danilo Camargo Bueno,"Bueno, D. C.",
1152,1157,Luciana Martinez Zaina,"Zaina, L. M.",
1153,1158,Rafael Rossi de Mello Brandão,"Brandão, R. R. M.",
1154,1159,Marcio Ferreira Moreno,"Moreno, M. F.",
1155,1160,Jean C. S. Rosa,"Rosa, J. C. S.",
1156,1161,Ecivaldo Matos,"Matos, E.",
1157,1162,Denise Marczal,"Marczal, D.",
1158,1163,Caroline Queiroz Santos,"Santos, C. Q.",
1159,1164,Isabel Harb Manssour,"Manssour, I. H.",
1160,1165,Angelina Ziesemer,"Ziesemer, A.",
1161,1166,James Blustein,"Blustein, J.",
1162,1167,Milene Silveira,"Silveira, M.",
1163,1168,Fernanda Milani,"Milani, F.",
1164,1169,Diogo Nelson Rovadosky,"Rovadosky, D. N.",
1165,1170,Tiago de Ávila Mendes,"Mendes, T. Á.",
1166,1171,José Henrique D. Andreis,"Andreis, J. H. D.",
1167,1172,Ana Carolina B. De Marchi,"Marchi, A. C. B. D.",
1168,1173,Rafael Rieder,"Rieder, R.",
1169,1174,Emanuel Felipe Duarte,"Duarte, E. F.",
1170,1175,Gustavo Kira,"Kira, G.",
1171,1176,Luiz Ernesto Merkle,"Merkle, L. E.",
1172,1177,Wanderson Rodrigues da Silva,"Silva, W. R.",
1173,1178,Soraia Silva Prietch,"Prietch, S. S.",
1174,1179,Thamer H. Nascimento,"Nascimento, T. H.",
1175,1180,Fabrizzio Alphonsus A. M. N. Soares,"Soares, F. A. A. M. N.",
1176,1181,Cristiane B. R. Ferreira,"Ferreira, C. B. R.",
1177,1182,Leandro L. G. Oliveira,"Oliveira, L. L. G.",
1178,1183,Anderson S. Soares,"Soares, A. S.",
1179,1184,Pourang P. Irani,"Irani, P. P.",
1180,1185,Marcos A. Vieria,"Vieria, M. A.",
1181,1186,Pablo Eduardo Cabral Barata,"Barata, P. E. C.",
1182,1187,Flabiéli Pricila Ferreira de Miranda,"Miranda, F. P. F.",
1183,1188,Soraia Silva Prietch,"Prietch, S. S.",
1184,1189,Humberto S. Pacheco,"Pacheco, H. S.",
1185,1190,Patricia F. Amorim,"Amorim, P. F.",
1186,1191,Priscyla G. F. Barbosa,"Barbosa, P. G. F.",
1187,1192,Bárbara Gabrielle C. O. Lopes,"Lopes, B. G. C. O.",
1188,1193,Maria Lúcia Villela,"Villela, M. L.",
1189,1194,Fernanda Luiza Siewerdt,"Siewerdt, F. L.",
1190,1195,Rainara Maia Carvalho,"Carvalho, R. M.",
1191,1196,Rossana M. C. Andrade,"Andrade, R. M. C.",
1192,1197,Lavínia Matoso Freitas,"Freitas, L. M.",
1193,1198,Thiago Hellen O. da Silva,"Silva, T. H. O.",
1194,1199,Marília Soares Mendes,"Mendes, M. S.",
1195,1200,Pedro E.L.R. Meireles,"Meireles, P. E.",
1196,1201,Pricila R. Rodrigues,"Rodrigues, P. R.",
1197,1202,Francisco A. M. Valério,"Valério, F. A. M.",
1198,1203,Tatiane G. Guimarães,"Guimarães, T. G.",
1199,1204,Renata Rodrigues de Oliveira,"Oliveira, R. R.",
1200,1205,Newton A. Galindo Júnior,"Júnior, N. A. G.",
1201,1206,Guilherme Moreira de Brito Moraes,"Moraes, G. M. B.",
1202,1207,Thais Castro,"Castro, T.",
1203,1208,Alberto Castro,"Castro, A.",
1204,1209,David Lima,"Lima, D.",
1205,1210,Claudio Santos Pinhanez,"Pinhanez, C. S.",
1206,1211,Thiago Rocha Silva,"Silva, T. R.",
1207,1212,Marco Winckler,"Winckler, M.",
1208,1213,Diego Addan Gonçalves,"Gonçalves, D. A.",
1209,1214,Eduardo Todt,"Todt, E.",
1210,1215,Débora Pereira Cláudio,"Cláudio, D. P.",
1211,1216,Fabrício Horácio Sales Pereira,"Pereira, F. H. S.",
1212,1217,Bernardo Alves Villarinho Lima,"Lima, B. A. V.",
1213,1218,Patricia da Silva Leite,"Leite, P. S.",
1214,1219,Lilian Genaro Motti Ader,"Ader, L. G. M.",
1215,1220,Nadine Vigouroux,"Vigouroux, N.",
1216,1221,Philippe Gorce,"Gorce, P.",
1217,1222,Lucas Pedroso Carvalho,"Carvalho, L. P.",
1218,1223,André Pimenta Freire,"Freire, A. P.",
1219,1224,Luis Rivero,"Rivero, L.",
1220,1225,Sildenir A. Ribeiro,"Ribeiro, S. A.",
1221,1226,Eber A. Schmitz,"Schmitz, E. A.",
1222,1227,Antônio Juarez S. M. de Alencar,"Alencar, A. J. S. M.",
1223,1228,Mônica F. da Silva,"Silva, M. F.",
1224,1229,Daniel Domingos Alves,"Alves, D. D.",
1225,1230,Ecivaldo de Souza Matos,"Matos, E. S.",
1226,1231,Cassio T. Batista,"Batista, C. T.",
1227,1232,Erick M. Campos,"Campos, E. M.",
1228,1233,Nelson C. Sampaio Neto,"Neto, N. C. S.",
1229,1234,Mateus Pinheiro,"Pinheiro, M.",
1230,1235,Nayana Carneiro,"Carneiro, N.",
1231,1236,Elisa Marques de Castro,"Castro, E. M.",
1232,1237,Luciana Martinez Zaina,"Zaina, L. M.",
1233,1238,Heloise Cristini Magaton,"Magaton, H. C.",
1234,1239,Luciana Zaina,"Zaina, L.",
1235,1240,Marina Fortes Rey,"Rey, M. F.",
1236,1241,Sarah Pink,"Pink, S.",
1237,1242,Camille Santiago Caminha,"Caminha, C. S.",
1238,1243,Angelica Porto C. de Souza,"Souza, A. P. C.",
1239,1244,Renata Zilse,"Zilse, R.",
1240,1245,Eliana Alves Moreira,"Moreira, E. A.",
1241,1246,Andre de Oliveira Bueno,"Bueno, A. O.",
1242,1247,Junia Coutinho Anacleto,"Anacleto, J. C.",
1243,1248,Andrey Antonio Rodrigues,"Rodrigues, A. A.",
1244,1249,Mailson de Queiroz Proença,"Proença, M. Q.",
1245,1250,Pablo Eduardo Cabral Barata,"Barata, P. E. C.",
1246,1251,João Victor P. Corrêa,"Corrêa, J. V. P.",
1247,1252,Luan Carlos Nesi,"Nesi, L. C.",
1248,1253,Josias de Andrade Werly,"Werly, J. A.",
1249,1254,Leonardo Rosado Murillo,"Murillo, L. R.",
1250,1255,Alexandre A. Freitas,"Freitas, A. A.",
1251,1256,Tiago D. O. Araújo,"Araújo, T. D. O.",
1252,1257,Paulo R. S. C. Junior,"Junior, P. R. S. C.",
1253,1258,Brunelli P. Miranda,"Miranda, B. P.",
1254,1259,Bruno A. F. Murakami,"Murakami, B. A. F.",
1255,1260,Carlos G. R. Santos,"Santos, C. G. R.",
1256,1261,Bianchi S. Meiguins,"Meiguins, B. S.",
1257,1262,Vinicius Kruger da Costa,"Costa, V. K.",
1258,1263,Krishna Ferreira Xavier Jr.,"Jr., K. F. X.",
1259,1264,Juliana Peglow,"Peglow, J.",
1260,1265,Rafael Cunha Cardoso,"Cardoso, R. C.",
1261,1266,Alan Lopes de Sousa Freitas,"Freitas, A. L. S.",
1262,1267,Vinícius Paes de Camargo,"Camargo, V. P.",
1263,1268,Heloise Manica Paris Teixeira,"Teixeira, H. M. P.",
1264,1269,Renato Balancieri,"Balancieri, R.",
1265,1270,Thelma Elita Colanzi,"Colanzi, T. E.",
1266,1271,Luã Marcelo Muriana,"Muriana, L. M.",
1267,1272,Heiko Horst Hornung,"Hornung, H. H.",
1268,1273,Aurea Melo,"Melo, A.",
1269,1274,Jonathas Santos,"Santos, J.",
1270,1275,Luis Rivero,"Rivero, L.",
1271,1276,Raimundo Barreto,"Barreto, R.",
1272,1277,Thais Coelho,"Coelho, T.",
1273,1278,Ismael S. Silva,"Silva, I. S.",
1274,1279,Fábio R. da Silva,"Silva, F. R.",
1275,1280,Eduardo Ghidini,"Ghidini, E.",
1276,1281,Caroline Q. Santos,"Santos, C. Q.",
1277,1282,Isabel Manssour,"Manssour, I.",
1278,1283,Andréia R. Casare,"Casare, A. R.",
1279,1284,Regina L. O. Moraes,"Moraes, R. L. O.",
1280,1285,Rodrigo Freese Gonzatto,"Gonzatto, R. F.",
1281,1286,Frederick M. C. van Amstel,"Amstel, F. M. C. v.",
1282,1287,Francisco A. M. Valério,"Valério, F. A. M.",
1283,1288,Tatiane G. Guimarães,"Guimarães, T. G.",
1284,1289,Heloisa Candello,"Candello, H.",
1285,1290,Lesandro Ponciano,"Ponciano, L.",
1286,1291,Pedro Barbosa,"Barbosa, P.",
1287,1292,Francisco Brasileiro,"Brasileiro, F.",
1288,1293,Andrey Brito,"Brito, A.",
1289,1294,Andressa P. C. de Oliveira,"Oliveira, A. P. C.",
1290,1295,Luis E. Zárate,"Zárate, L. E.",
1291,1296,Felipe Ciaciá de Mendonça,"Mendonça, F. C.",
1292,1297,Simone Diniz,"Diniz, S.",
1293,1298,Junqueira Barbosa,"Barbosa, J.",
1294,1299,Rebeca Schroeder,"Schroeder, R.",
1295,1300,Thiago Hellen O. da Silva,"Silva, T. H. O.",
1296,1301,Lavínia Matoso Freitas,"Freitas, L. M.",
1297,1302,Marília Soares Mendes,"Mendes, M. S.",
1298,1303,Luiz Felipe da Paixão Silva,"Silva, L. F. P.",
1299,1304,Otavio de Faria Oliveira,"Oliveira, O. F.",
1300,1305,Evelise Roman Corbalan Góis Freire,"Freire, E. R. C. G.",
1301,1306,Rosana Maria Mendes,"Mendes, R. M.",
1302,1307,André Pimenta Freire,"Freire, A. P.",
1303,1308,Vinicius Ferreira,"Ferreira, V.",
1304,1309,Ketelem Lemos de Campos,"Campos, K. L.",
1305,1310,Thais Justi,"Justi, T.",
1306,1311,Livia C. Gabos Martins,"Martins, L. C. G.",
1307,1312,Rogério Eduardo Garcia,"Garcia, R. E.",
1308,1313,Ingrid Marçal,"Marçal, I.",
1309,1314,João Pedro B. Ferreira,"Ferreira, J. P. B.",
1310,1315,Franciscone L. A. Junior,"Junior, F. L. A.",
1311,1316,Renata L. Rosa,"Rosa, R. L.",
1312,1317,Demóstenes Z. Rodríguez,"Rodríguez, D. Z.",
1313,1318,Maria Laura Martinez,"Martinez, M. L.",
1314,1319,Douglas Menegazzi,"Menegazzi, D.",
1315,1320,Stephania Padovani,"Padovani, S.",
1316,1321,Renata Oliveira,"Oliveira, R.",
1317,1322,Newton Galindo Jr.,"Jr., N. G.",
1318,1323,Denise do R. Maciel,"Maciel, D. R.",
1319,1324,Simone N. Matos,"Matos, S. N.",
1320,1325,Talita C. Pagani Britto,"Britto, T. C. P.",
1321,1326,Gilberto Villa Nova,"Nova, G. V.",
1322,1327,Carla Leitão,"Leitão, C.",
1323,1328,Luciana Salgado,"Salgado, L.",
1324,1329,Patricia C. de Souza,"Souza, P. C.",
1325,1330,Raquel Prates,"Prates, R.",
1326,1331,Rafael Guimarães Rodrigues,"Rodrigues, R. G.",
1327,1332,Gustavo Paiva Guedes,"Guedes, G. P.",
1328,1333,Rodrigo Prestes Machado,"Machado, R. P.",
1329,1334,Débora Conforto,"Conforto, D.",
1330,1335,Lucila Santarosa,"Santarosa, L.",
1331,1336,Luiza Superti Pantoja,"Pantoja, L. S.",
1332,1337,Juan Pablo Hourcade,"Hourcade, J. P.",
1333,1338,Kyle Diederich,"Diederich, K.",
1334,1339,Liam Crawford,"Crawford, L.",
1335,1340,Victoria Utter,"Utter, V.",
1336,1341,Pedro H. F. Holanda,"Holanda, P. H. F.",
1337,1342,Jussara M. Almeida,"Almeida, J. M.",
1338,1343,Luisa F. de Oliveira,"Oliveira, L. F.",
1339,1344,Caroline Q. Santos,"Santos, C. Q.",
1340,1345,Angelina C. A. Ziesemer,"Ziesemer, A. C. A.",
1341,1346,Letícia Diniz Tsuchiya,"Tsuchiya, L. D.",
1342,1347,Raphael Winckler de Bettio,"Bettio, R. W.",
1343,1348,André Pimenta Freire,"Freire, A. P.",
1344,1349,Fábio Lopes Brezolin,"Brezolin, F. L.",
1345,1350,Guilherme Santos,"Santos, G.",
1346,1351,João Cândido de Lima,"Lima, J. C.",
1347,1352,Maurício Zanella,"Zanella, M.",
1348,1353,Rafael Rieder,"Rieder, R.",
1349,1354,Ana Carolina B. De Marchi,"Marchi, A. C. B. D.",
1350,1355,Ernani Gottardo,"Gottardo, E.",
1351,1356,Andrey Ricardo Pimentel,"Pimentel, A. R.",
1352,1357,Camila Loiola Brito Maia,"Maia, C. L. B.",
1353,1358,Muriel Buzo Sozim,"Sozim, M. B.",
1354,1359,Daniel Costa Valerio,"Valerio, D. C.",
1355,1360,Felipe Veiga Ramos,"Ramos, F. V.",
1356,1361,Paulo Henrique Sabo,"Sabo, P. H.",
1357,1362,Gabriel L. Pita,"Pita, G. L.",
1358,1363,Diego Zabot,"Zabot, D.",
1359,1364,Jean Rosa,"Rosa, J.",
1360,1365,Ecivaldo Matos,"Matos, E.",
1361,1366,Vinícius Ferreira Galvão,"Galvão, V. F.",
1362,1367,Carlos Eduardo A. Iatskiu,"Iatskiu, C. E. A.",
1363,1368,Diego Roberto Antunes,"Antunes, D. R.",
1364,1369,Natalia Toralles Darley,"Darley, N. T.",
1365,1370,Vinicius Costa,"Costa, V.",
1366,1371,Gilberto Collares,"Collares, G.",
1367,1372,Viviane Terra,"Terra, V.",
1368,1373,Fabiani de Souza,"Souza, F.",
1369,1374,Claudinei Martins,"Martins, C.",
1370,1375,Suelen Silva,"Silva, S.",
1371,1376,Marisa Vasconcelos,"Vasconcelos, M.",
1372,1377,Heloisa Candello,"Candello, H.",
1373,1378,Thiago dos Santos,"Santos, T.",
1374,1379,Rodrigo Laiola Guimarães,"Guimarães, R. L.",
1375,1380,Andrea Britto Mattos,"Mattos, A. B.",
1376,1381,Carlos Henrique Cardonha,"Cardonha, C. H.",
